{
    "name": "mysql-connector", 
    "config": {
        "connector.class": "io.debezium.connector.mysql.MySqlConnector", 
        "database.hostname": "mysql2", 
        "database.port": "3306", 
        "database.user": "root", 
        "database.password": "root", 
        "database.server.id": "184054", 
        "database.include.list": "ecomm", 
        "topic.prefix": "dcs-demo", 
        "key.converter.schemas.enable": "false",
        "value.converter.schemas.enable": "false",
        "key.converter": "io.confluent.connect.avro.AvroConverter",
        "key.converter.schema.registry.url": "http://schema-registry:8081",
        "value.converter": "io.confluent.connect.avro.AvroConverter",
        "value.converter.schema.registry.url": "http://schema-registry:8081",
        "schema.history.internal.kafka.bootstrap.servers": "broker:9092", 
        "schema.history.internal.kafka.topic": "schemahistory.ecomm", 
        "include.schema.changes": "true",
        "transforms": "unwrap,maskField",
        "transforms.unwrap.type": "io.debezium.transforms.ExtractNewRecordState",
        "transforms.unwrap.drop.tombstones": false,
        "transforms.unwrap.delete.handling.mode": "drop",
        "transforms.maskField.type": "org.apache.kafka.connect.transforms.MaskField$Value",
        "transforms.maskField.fields": "password",
        "transforms.maskField.replacement": "********"
    }
}