{
    "name": "mysql4", 
    "config": {
        "connector.class": "io.debezium.connector.mysql.MySqlConnector", 
        "database.hostname": "mysql2", 
        "database.port": "3306", 
        "database.user": "root", 
        "database.password": "root", 
        "database.server.id": "18405", 
        "database.include.list": "ecomm", 
        "topic.prefix": "kafka-workshop4", 
        "key.converter": "io.confluent.connect.avro.AvroConverter",
        "key.converter.schema.registry.url": "http://schema-registry:8081",
        "value.converter": "io.confluent.connect.avro.AvroConverter",
        "value.converter.schema.registry.url": "http://schema-registry:8081",
        "schema.history.internal.kafka.bootstrap.servers": "broker:29092", 
        "schema.history.internal.kafka.topic": "schemahistory.ecomm", 
        "include.schema.changes": "true",
        "event.processing.failure.handling.mode": "ignore"
    }
}